{"cameraMode":{"drawMode":0,"name":"Shaded","section":"Shading Mode"},"sceneLighting":false,"audioPlay":false,"sceneViewState":{"m_AlwaysRefresh":false,"showFog":true,"showSkybox":false,"showFlares":true,"showImageEffects":true,"showParticleSystems":true,"showVisualEffectGraphs":true,"m_FxEnabled":true},"in2DMode":false,"pivot":{"x":1.6808993816375733,"y":2.666015863418579,"z":1.7448382377624512},"rotation":{"x":-0.014479401521384716,"y":0.44702476263046267,"z":0.0072425249963998798,"w":0.8943923711776733},"size":1.8202461004257203,"orthographic":false}